-- phpMyAdmin SQL Dump
-- version 4.5.1
-- http://www.phpmyadmin.net
--
-- Host: 127.0.0.1
-- Creato il: Mar 22, 2017 alle 13:00
-- Versione del server: 10.1.16-MariaDB
-- Versione PHP: 7.0.9

SET SQL_MODE = "NO_AUTO_VALUE_ON_ZERO";
SET time_zone = "+00:00";


/*!40101 SET @OLD_CHARACTER_SET_CLIENT=@@CHARACTER_SET_CLIENT */;
/*!40101 SET @OLD_CHARACTER_SET_RESULTS=@@CHARACTER_SET_RESULTS */;
/*!40101 SET @OLD_COLLATION_CONNECTION=@@COLLATION_CONNECTION */;
/*!40101 SET NAMES utf8mb4 */;

--
-- Database: `arrampicata`
--

-- --------------------------------------------------------

--
-- Struttura della tabella `atleta`
--

CREATE TABLE `atleta` (
  `id` int(10) UNSIGNED NOT NULL,
  `nome` varchar(60) NOT NULL,
  `cognome` varchar(60) NOT NULL,
  `data_nascita` date NOT NULL,
  `sesso` enum('M','F') NOT NULL,
  `id_scuola` int(10) UNSIGNED DEFAULT NULL,
  `casacca` int(10) UNSIGNED NOT NULL
) ENGINE=InnoDB DEFAULT CHARSET=latin1;

--
-- Dump dei dati per la tabella `atleta`
--

INSERT INTO `atleta` (`id`, `nome`, `cognome`, `data_nascita`, `sesso`, `id_scuola`, `casacca`) VALUES
(1, 'Michele', 'Tagliani', '2001-05-28', 'M', 1, 17),
(2, 'Marco', 'Marelli', '2000-12-15', 'M', 1, 18),
(3, 'Dario', 'Ceni', '2001-02-11', 'M', 1, 19),
(4, 'Tayo', 'Gatta', '2000-07-24', 'M', 1, 20),
(5, 'Mirko', 'Baldin', '2002-02-27', 'M', 1, 21),
(6, 'Nicolò', 'Ciusani', '1998-01-01', 'M', 1, 22),
(7, 'Stefano', 'Belleri', '1998-01-01', 'M', 1, 23),
(8, 'Michele', 'Tosi', '1998-10-06', 'M', 1, 24),
(9, 'Simone', 'Gatti', '1998-03-15', 'M', 1, 25),
(10, 'Elia', 'Bettoni', '2002-06-07', 'M', 2, 94),
(11, 'Nicola', 'Bertuzzi', '2001-05-23', 'M', 2, 95),
(12, 'Luca', 'Ducoli', '2001-02-05', 'M', 2, 96),
(13, 'Davide', 'Guzza', '2002-12-16', 'M', 2, 97),
(14, 'Matteo', 'Collio', '2000-07-20', 'M', 3, 1),
(15, 'Nicolò', 'Damioli', '2000-03-09', 'M', 3, 2),
(16, 'Lorenzo', 'Li Manni', '2001-07-15', 'M', 3, 3),
(17, 'Maggi', 'Stefano', '2000-06-16', 'M', 3, 4),
(18, 'Alberto ', 'Baratti', '1999-04-13', 'M', 3, 5),
(19, 'Matteo', 'Giacobi', '1999-06-04', 'M', 3, 6),
(20, 'Patrik', 'Marlan', '1998-09-28', 'M', 3, 7),
(21, 'Federico', 'Ghiselli', '1999-02-28', 'M', 3, 8),
(22, 'Giulio', 'Schivalocchi', '2001-08-17', 'M', 4, 51),
(23, 'Pietro', 'Caironi', '2002-04-08', 'M', 4, 52),
(24, 'Nicola', 'Boschi', '2000-12-11', 'M', 4, 53),
(25, 'Enrico', 'Fusi', '2002-05-13', 'M', 4, 54),
(26, 'Alex', 'Vaglia', '1998-08-20', 'M', 4, 55),
(27, 'Michael', 'Zambelli', '1998-08-06', 'M', 4, 56),
(28, 'Elia', 'Zanaglio', '1998-09-09', 'M', 4, 57),
(29, 'Costantino', 'Guerra', '1998-07-18', 'M', 4, 58),
(30, 'Gabriele', 'Sbrilli', '2002-12-19', 'M', 5, 29),
(31, 'Lorenzo', 'Perloni', '2002-07-27', 'M', 5, 30),
(32, 'Michael', 'Bonomelli', '2000-03-20', 'M', 5, 31),
(33, 'Luca', 'Nodari', '2002-07-15', 'M', 5, 32),
(34, 'Marco', 'Forno', '2000-07-21', 'M', 5, 33),
(35, 'Matteo', 'Morandini', '1998-04-17', 'M', 5, 34),
(36, 'Federico', 'Agostini', '1999-07-26', 'M', 5, 35),
(37, 'Luca', 'Baitelli', '1999-02-02', 'M', 5, 36),
(38, 'Fabio', 'Parolari', '1999-02-24', 'M', 5, 37),
(39, 'Luca', 'Melotti', '1999-08-27', 'M', 5, 38),
(40, 'Juri', 'Boninchi', '1998-05-29', 'M', 5, 39),
(41, 'Mattia', 'Zani', '2001-11-24', 'M', 6, 59),
(42, 'Nicolò', 'Poffa', '2001-10-03', 'M', 6, 60),
(43, 'Giorgio', 'Isoli', '2001-02-12', 'M', 6, 61),
(44, 'Andrea', 'Dall''olio', '2001-01-08', 'M', 6, 62),
(45, 'Davide', 'Deader', '1999-09-18', 'M', 6, 63),
(46, 'Luca', 'Felice', '1999-09-23', 'M', 6, 64),
(47, 'Andrea', 'Gerosa', '1999-01-30', 'M', 6, 65),
(48, 'Filippo', 'Mostarda', '1999-04-20', 'M', 6, 66),
(49, 'Jacopo', 'Mutti', '2000-07-29', 'M', 7, 78),
(50, 'Omar', 'H''tira', '2000-03-03', 'M', 7, 79),
(51, 'Francesco', 'Dattola', '2002-10-31', 'M', 7, 80),
(52, 'Davide', 'Bonometti', '2001-04-02', 'M', 7, 81),
(53, 'Jacopo', 'Gatta', '1999-03-02', 'M', 7, 82),
(54, 'Andrea', 'Malandra', '1999-11-09', 'M', 7, 83),
(55, 'Giovanni', 'Buizza', '1997-07-22', 'M', 7, 84),
(56, 'Cristian', 'Paolini', '1998-03-23', 'M', 7, 85),
(64, 'Ester', 'Bosio', '2002-11-16', 'F', 1, 26),
(65, 'Rossana', 'Cavaioni', '2002-10-20', 'F', 1, 27),
(66, 'Ina', 'Sulo', '2002-09-06', 'F', 1, 28),
(67, 'Anna Benedetta', 'Ducoli', '2002-06-04', 'F', 2, 98),
(68, 'Lucrezia', 'Delbono', '2001-05-19', 'F', 2, 99),
(69, 'Alessandra', 'Ducoli', '2001-03-16', 'F', 2, 100),
(70, 'Letizia', 'Carè', '2002-11-16', 'F', 2, 101),
(71, 'Alice', 'Damiola', '1999-09-23', 'F', 2, 102),
(72, 'Giorgia', 'Andreis', '2001-09-23', 'F', 3, 9),
(73, 'Nicole', 'Barbi', '2002-12-02', 'F', 3, 10),
(74, 'Alice', 'Molinari', '2001-09-06', 'F', 3, 11),
(75, 'Angela', 'Procaccio', '2000-01-02', 'F', 3, 12),
(76, 'Elena', 'Bertanza', '1998-05-20', 'F', 3, 13),
(77, 'Michela', 'Donin', '1999-03-29', 'F', 3, 14),
(78, 'Laura', 'Faustini', '1998-10-18', 'F', 3, 15),
(79, 'Patrycia', 'Zietek', '1999-07-09', 'F', 3, 16),
(80, 'Chiara', 'Pedersoli', '2002-08-13', 'F', 5, 40),
(81, 'Sara', 'Cisotto', '2002-04-11', 'F', 5, 41),
(82, 'Sara', 'Bonicchio', '2001-12-08', 'F', 5, 42),
(83, 'Dea', 'Pietroboni', '2000-07-08', 'F', 5, 43),
(84, 'Martina', 'Manfrini', '2001-05-14', 'F', 5, 44),
(85, 'Stefania', 'Andreoli', '2002-09-11', 'F', 5, 45),
(86, 'Miriam', 'Bozzi', '1998-04-16', 'F', 5, 46),
(87, 'Marianna', 'Mondini', '1999-06-12', 'F', 5, 47),
(88, 'Paolo', 'Sacchetto', '1999-02-25', 'F', 5, 48),
(89, 'Martina', 'Ceresi', '1999-03-07', 'F', 5, 49),
(90, 'Ilaria', 'Regazzoli', '1999-05-06', 'F', 5, 50),
(91, 'Silvia', 'Pelucchi', '2002-03-12', 'F', 6, 67),
(92, 'Denise', 'Guzzago', '2001-09-23', 'F', 6, 68),
(93, 'Nicole', 'Del Barba', '2002-04-27', 'F', 6, 69),
(94, 'Laura', 'Bettinsoli', '2001-06-20', 'F', 6, 70),
(95, 'Elena', 'Orizio', '1999-04-15', 'F', 6, 71),
(96, 'Elmelissa', 'Velaj', '1998-09-21', 'F', 6, 72),
(97, 'Raheela', 'Yousaf', '1999-01-03', 'F', 6, 73),
(98, 'Nicole', 'Sandrini', '2001-04-06', 'F', 7, 86),
(99, 'Giulia', 'Ferrari', '2000-08-10', 'F', 7, 87),
(100, 'Paola', 'Bonazza', '2000-10-16', 'F', 7, 88),
(101, 'Aurora', 'Castellini', '2001-01-16', 'F', 7, 89),
(102, 'Francesca', 'Maggiori', '1998-01-16', 'F', 7, 90),
(103, 'Arianna', 'Luraghi', '1997-05-08', 'F', 7, 91),
(104, 'Elisabetta', 'Fontana', '1999-01-23', 'F', 7, 92),
(105, 'Piccaroletti', 'Martina', '1997-03-22', 'F', 7, 93),
(106, 'Carola', 'Calabrese', '2001-11-13', 'F', 8, 74),
(107, 'Sara', 'Morandini', '2001-04-02', 'F', 8, 75),
(108, 'Francesca', 'Portesi', '2001-08-27', 'F', 8, 76),
(109, 'Giulia', 'Vertua', '2000-07-14', 'F', 8, 77);

-- --------------------------------------------------------

--
-- Struttura della tabella `atleta_boulder`
--

CREATE TABLE `atleta_boulder` (
  `id_boulder` int(10) UNSIGNED NOT NULL,
  `id_atleta` int(10) UNSIGNED NOT NULL,
  `n_tentativi` int(11) NOT NULL DEFAULT '1',
  `passato` enum('Y','N') DEFAULT 'N'
) ENGINE=InnoDB DEFAULT CHARSET=latin1;

--
-- Dump dei dati per la tabella `atleta_boulder`
--

INSERT INTO `atleta_boulder` (`id_boulder`, `id_atleta`, `n_tentativi`, `passato`) VALUES
(1, 1, 0, 'N'),
(1, 2, 0, 'N'),
(1, 3, 0, 'N'),
(1, 4, 0, 'N'),
(1, 5, 0, 'N'),
(1, 6, 0, 'N'),
(1, 7, 0, 'N'),
(1, 8, 0, 'N'),
(1, 9, 0, 'N'),
(1, 10, 0, 'N'),
(1, 11, 0, 'N'),
(1, 12, 0, 'N'),
(1, 13, 0, 'N'),
(1, 14, 0, 'N'),
(1, 15, 0, 'N'),
(1, 16, 0, 'N'),
(1, 17, 0, 'N'),
(1, 18, 0, 'N'),
(1, 19, 0, 'N'),
(1, 20, 0, 'N'),
(1, 21, 0, 'N'),
(1, 22, 0, 'N'),
(1, 23, 0, 'N'),
(1, 24, 0, 'N'),
(1, 25, 0, 'N'),
(1, 26, 0, 'N'),
(1, 27, 0, 'N'),
(1, 28, 0, 'N'),
(1, 29, 0, 'N'),
(1, 30, 0, 'N'),
(1, 31, 0, 'N'),
(1, 32, 0, 'N'),
(1, 33, 0, 'N'),
(1, 34, 0, 'N'),
(1, 35, 0, 'N'),
(1, 36, 0, 'N'),
(1, 37, 0, 'N'),
(1, 38, 0, 'N'),
(1, 39, 0, 'N'),
(1, 40, 0, 'N'),
(1, 41, 0, 'N'),
(1, 42, 0, 'N'),
(1, 43, 0, 'N'),
(1, 44, 0, 'N'),
(1, 45, 0, 'N'),
(1, 46, 0, 'N'),
(1, 47, 0, 'N'),
(1, 48, 0, 'N'),
(1, 49, 0, 'N'),
(1, 50, 0, 'N'),
(1, 51, 0, 'N'),
(1, 52, 0, 'N'),
(1, 53, 0, 'N'),
(1, 54, 0, 'N'),
(1, 55, 0, 'N'),
(1, 56, 0, 'N'),
(1, 64, 0, 'N'),
(1, 65, 0, 'N'),
(1, 66, 0, 'N'),
(1, 67, 0, 'N'),
(1, 68, 0, 'N'),
(1, 69, 0, 'N'),
(1, 70, 0, 'N'),
(1, 71, 0, 'N'),
(1, 72, 0, 'N'),
(1, 73, 0, 'N'),
(1, 74, 0, 'N'),
(1, 75, 0, 'N'),
(1, 76, 0, 'N'),
(1, 77, 0, 'N'),
(1, 78, 0, 'N'),
(1, 79, 0, 'N'),
(1, 80, 0, 'N'),
(1, 81, 0, 'N'),
(1, 82, 0, 'N'),
(1, 83, 0, 'N'),
(1, 84, 0, 'N'),
(1, 85, 0, 'N'),
(1, 86, 0, 'N'),
(1, 87, 0, 'N'),
(1, 88, 0, 'N'),
(1, 89, 0, 'N'),
(1, 90, 0, 'N'),
(1, 91, 0, 'N'),
(1, 92, 0, 'N'),
(1, 93, 0, 'N'),
(1, 94, 0, 'N'),
(1, 95, 0, 'N'),
(1, 96, 0, 'N'),
(1, 97, 0, 'N'),
(1, 98, 0, 'N'),
(1, 99, 0, 'N'),
(1, 100, 0, 'N'),
(1, 101, 0, 'N'),
(1, 102, 0, 'N'),
(1, 103, 0, 'N'),
(1, 104, 0, 'N'),
(1, 105, 0, 'N'),
(1, 106, 0, 'N'),
(1, 107, 0, 'N'),
(1, 108, 0, 'N'),
(1, 109, 0, 'N'),
(2, 1, 0, 'N'),
(2, 2, 0, 'N'),
(2, 3, 0, 'N'),
(2, 4, 0, 'N'),
(2, 5, 0, 'N'),
(2, 6, 0, 'N'),
(2, 7, 0, 'N'),
(2, 8, 0, 'N'),
(2, 9, 0, 'N'),
(2, 10, 0, 'N'),
(2, 11, 0, 'N'),
(2, 12, 0, 'N'),
(2, 13, 0, 'N'),
(2, 14, 0, 'N'),
(2, 15, 0, 'N'),
(2, 16, 0, 'N'),
(2, 17, 0, 'N'),
(2, 18, 0, 'N'),
(2, 19, 0, 'N'),
(2, 20, 0, 'N'),
(2, 21, 0, 'N'),
(2, 22, 0, 'N'),
(2, 23, 0, 'N'),
(2, 24, 0, 'N'),
(2, 25, 0, 'N'),
(2, 26, 0, 'N'),
(2, 27, 0, 'N'),
(2, 28, 0, 'N'),
(2, 29, 0, 'N'),
(2, 30, 0, 'N'),
(2, 31, 0, 'N'),
(2, 32, 0, 'N'),
(2, 33, 0, 'N'),
(2, 34, 0, 'N'),
(2, 35, 0, 'N'),
(2, 36, 0, 'N'),
(2, 37, 0, 'N'),
(2, 38, 0, 'N'),
(2, 39, 0, 'N'),
(2, 40, 0, 'N'),
(2, 41, 0, 'N'),
(2, 42, 0, 'N'),
(2, 43, 0, 'N'),
(2, 44, 0, 'N'),
(2, 45, 0, 'N'),
(2, 46, 0, 'N'),
(2, 47, 0, 'N'),
(2, 48, 0, 'N'),
(2, 49, 0, 'N'),
(2, 50, 0, 'N'),
(2, 51, 0, 'N'),
(2, 52, 0, 'N'),
(2, 53, 0, 'N'),
(2, 54, 0, 'N'),
(2, 55, 0, 'N'),
(2, 56, 0, 'N'),
(2, 64, 0, 'N'),
(2, 65, 0, 'N'),
(2, 66, 0, 'N'),
(2, 67, 0, 'N'),
(2, 68, 0, 'N'),
(2, 69, 0, 'N'),
(2, 70, 0, 'N'),
(2, 71, 0, 'N'),
(2, 72, 0, 'N'),
(2, 73, 0, 'N'),
(2, 74, 0, 'N'),
(2, 75, 0, 'N'),
(2, 76, 0, 'N'),
(2, 77, 0, 'N'),
(2, 78, 0, 'N'),
(2, 79, 0, 'N'),
(2, 80, 0, 'N'),
(2, 81, 0, 'N'),
(2, 82, 0, 'N'),
(2, 83, 0, 'N'),
(2, 84, 0, 'N'),
(2, 85, 0, 'N'),
(2, 86, 0, 'N'),
(2, 87, 0, 'N'),
(2, 88, 0, 'N'),
(2, 89, 0, 'N'),
(2, 90, 0, 'N'),
(2, 91, 0, 'N'),
(2, 92, 0, 'N'),
(2, 93, 0, 'N'),
(2, 94, 0, 'N'),
(2, 95, 0, 'N'),
(2, 96, 0, 'N'),
(2, 97, 0, 'N'),
(2, 98, 0, 'N'),
(2, 99, 0, 'N'),
(2, 100, 0, 'N'),
(2, 101, 0, 'N'),
(2, 102, 0, 'N'),
(2, 103, 0, 'N'),
(2, 104, 0, 'N'),
(2, 105, 0, 'N'),
(2, 106, 0, 'N'),
(2, 107, 0, 'N'),
(2, 108, 0, 'N'),
(2, 109, 0, 'N'),
(3, 1, 0, 'N'),
(3, 2, 0, 'N'),
(3, 3, 0, 'N'),
(3, 4, 0, 'N'),
(3, 5, 0, 'N'),
(3, 6, 0, 'N'),
(3, 7, 0, 'N'),
(3, 8, 0, 'N'),
(3, 9, 0, 'N'),
(3, 10, 0, 'N'),
(3, 11, 0, 'N'),
(3, 12, 0, 'N'),
(3, 13, 0, 'N'),
(3, 14, 0, 'N'),
(3, 15, 0, 'N'),
(3, 16, 0, 'N'),
(3, 17, 0, 'N'),
(3, 18, 0, 'N'),
(3, 19, 0, 'N'),
(3, 20, 0, 'N'),
(3, 21, 0, 'N'),
(3, 22, 0, 'N'),
(3, 23, 0, 'N'),
(3, 24, 0, 'N'),
(3, 25, 0, 'N'),
(3, 26, 0, 'N'),
(3, 27, 0, 'N'),
(3, 28, 0, 'N'),
(3, 29, 0, 'N'),
(3, 30, 0, 'N'),
(3, 31, 0, 'N'),
(3, 32, 0, 'N'),
(3, 33, 0, 'N'),
(3, 34, 0, 'N'),
(3, 35, 0, 'N'),
(3, 36, 0, 'N'),
(3, 37, 0, 'N'),
(3, 38, 0, 'N'),
(3, 39, 0, 'N'),
(3, 40, 0, 'N'),
(3, 41, 0, 'N'),
(3, 42, 0, 'N'),
(3, 43, 0, 'N'),
(3, 44, 0, 'N'),
(3, 45, 0, 'N'),
(3, 46, 0, 'N'),
(3, 47, 0, 'N'),
(3, 48, 0, 'N'),
(3, 49, 0, 'N'),
(3, 50, 0, 'N'),
(3, 51, 0, 'N'),
(3, 52, 0, 'N'),
(3, 53, 0, 'N'),
(3, 54, 0, 'N'),
(3, 55, 0, 'N'),
(3, 56, 0, 'N'),
(3, 64, 0, 'N'),
(3, 65, 0, 'N'),
(3, 66, 0, 'N'),
(3, 67, 0, 'N'),
(3, 68, 0, 'N'),
(3, 69, 0, 'N'),
(3, 70, 0, 'N'),
(3, 71, 0, 'N'),
(3, 72, 0, 'N'),
(3, 73, 0, 'N'),
(3, 74, 0, 'N'),
(3, 75, 0, 'N'),
(3, 76, 0, 'N'),
(3, 77, 0, 'N'),
(3, 78, 0, 'N'),
(3, 79, 0, 'N'),
(3, 80, 0, 'N'),
(3, 81, 0, 'N'),
(3, 82, 0, 'N'),
(3, 83, 0, 'N'),
(3, 84, 0, 'N'),
(3, 85, 0, 'N'),
(3, 86, 0, 'N'),
(3, 87, 0, 'N'),
(3, 88, 0, 'N'),
(3, 89, 0, 'N'),
(3, 90, 0, 'N'),
(3, 91, 0, 'N'),
(3, 92, 0, 'N'),
(3, 93, 0, 'N'),
(3, 94, 0, 'N'),
(3, 95, 0, 'N'),
(3, 96, 0, 'N'),
(3, 97, 0, 'N'),
(3, 98, 0, 'N'),
(3, 99, 0, 'N'),
(3, 100, 0, 'N'),
(3, 101, 0, 'N'),
(3, 102, 0, 'N'),
(3, 103, 0, 'N'),
(3, 104, 0, 'N'),
(3, 105, 0, 'N'),
(3, 106, 0, 'N'),
(3, 107, 0, 'N'),
(3, 108, 0, 'N'),
(3, 109, 0, 'N'),
(4, 1, 0, 'N'),
(4, 2, 0, 'N'),
(4, 3, 0, 'N'),
(4, 4, 0, 'N'),
(4, 5, 0, 'N'),
(4, 6, 0, 'N'),
(4, 7, 0, 'N'),
(4, 8, 0, 'N'),
(4, 9, 0, 'N'),
(4, 10, 0, 'N'),
(4, 11, 0, 'N'),
(4, 12, 0, 'N'),
(4, 13, 0, 'N'),
(4, 14, 0, 'N'),
(4, 15, 0, 'N'),
(4, 16, 0, 'N'),
(4, 17, 0, 'N'),
(4, 18, 0, 'N'),
(4, 19, 0, 'N'),
(4, 20, 0, 'N'),
(4, 21, 0, 'N'),
(4, 22, 0, 'N'),
(4, 23, 0, 'N'),
(4, 24, 0, 'N'),
(4, 25, 0, 'N'),
(4, 26, 0, 'N'),
(4, 27, 0, 'N'),
(4, 28, 0, 'N'),
(4, 29, 0, 'N'),
(4, 30, 0, 'N'),
(4, 31, 0, 'N'),
(4, 32, 0, 'N'),
(4, 33, 0, 'N'),
(4, 34, 0, 'N'),
(4, 35, 0, 'N'),
(4, 36, 0, 'N'),
(4, 37, 0, 'N'),
(4, 38, 0, 'N'),
(4, 39, 0, 'N'),
(4, 40, 0, 'N'),
(4, 41, 0, 'N'),
(4, 42, 0, 'N'),
(4, 43, 0, 'N'),
(4, 44, 0, 'N'),
(4, 45, 0, 'N'),
(4, 46, 0, 'N'),
(4, 47, 0, 'N'),
(4, 48, 0, 'N'),
(4, 49, 0, 'N'),
(4, 50, 0, 'N'),
(4, 51, 0, 'N'),
(4, 52, 0, 'N'),
(4, 53, 0, 'N'),
(4, 54, 0, 'N'),
(4, 55, 0, 'N'),
(4, 56, 0, 'N'),
(4, 64, 0, 'N'),
(4, 65, 0, 'N'),
(4, 66, 0, 'N'),
(4, 67, 0, 'N'),
(4, 68, 0, 'N'),
(4, 69, 0, 'N'),
(4, 70, 0, 'N'),
(4, 71, 0, 'N'),
(4, 72, 0, 'N'),
(4, 73, 0, 'N'),
(4, 74, 0, 'N'),
(4, 75, 0, 'N'),
(4, 76, 0, 'N'),
(4, 77, 0, 'N'),
(4, 78, 0, 'N'),
(4, 79, 0, 'N'),
(4, 80, 0, 'N'),
(4, 81, 0, 'N'),
(4, 82, 0, 'N'),
(4, 83, 0, 'N'),
(4, 84, 0, 'N'),
(4, 85, 0, 'N'),
(4, 86, 0, 'N'),
(4, 87, 0, 'N'),
(4, 88, 0, 'N'),
(4, 89, 0, 'N'),
(4, 90, 0, 'N'),
(4, 91, 0, 'N'),
(4, 92, 0, 'N'),
(4, 93, 0, 'N'),
(4, 94, 0, 'N'),
(4, 95, 0, 'N'),
(4, 96, 0, 'N'),
(4, 97, 0, 'N'),
(4, 98, 0, 'N'),
(4, 99, 0, 'N'),
(4, 100, 0, 'N'),
(4, 101, 0, 'N'),
(4, 102, 0, 'N'),
(4, 103, 0, 'N'),
(4, 104, 0, 'N'),
(4, 105, 0, 'N'),
(4, 106, 0, 'N'),
(4, 107, 0, 'N'),
(4, 108, 0, 'N'),
(4, 109, 0, 'N'),
(5, 1, 0, 'N'),
(5, 2, 0, 'N'),
(5, 3, 0, 'N'),
(5, 4, 0, 'N'),
(5, 5, 0, 'N'),
(5, 6, 0, 'N'),
(5, 7, 0, 'N'),
(5, 8, 0, 'N'),
(5, 9, 0, 'N'),
(5, 10, 0, 'N'),
(5, 11, 0, 'N'),
(5, 12, 0, 'N'),
(5, 13, 0, 'N'),
(5, 14, 0, 'N'),
(5, 15, 0, 'N'),
(5, 16, 0, 'N'),
(5, 17, 0, 'N'),
(5, 18, 0, 'N'),
(5, 19, 0, 'N'),
(5, 20, 0, 'N'),
(5, 21, 0, 'N'),
(5, 22, 0, 'N'),
(5, 23, 0, 'N'),
(5, 24, 0, 'N'),
(5, 25, 0, 'N'),
(5, 26, 0, 'N'),
(5, 27, 0, 'N'),
(5, 28, 0, 'N'),
(5, 29, 0, 'N'),
(5, 30, 0, 'N'),
(5, 31, 0, 'N'),
(5, 32, 0, 'N'),
(5, 33, 0, 'N'),
(5, 34, 0, 'N'),
(5, 35, 0, 'N'),
(5, 36, 0, 'N'),
(5, 37, 0, 'N'),
(5, 38, 0, 'N'),
(5, 39, 0, 'N'),
(5, 40, 0, 'N'),
(5, 41, 0, 'N'),
(5, 42, 0, 'N'),
(5, 43, 0, 'N'),
(5, 44, 0, 'N'),
(5, 45, 0, 'N'),
(5, 46, 0, 'N'),
(5, 47, 0, 'N'),
(5, 48, 0, 'N'),
(5, 49, 0, 'N'),
(5, 50, 0, 'N'),
(5, 51, 0, 'N'),
(5, 52, 0, 'N'),
(5, 53, 0, 'N'),
(5, 54, 0, 'N'),
(5, 55, 0, 'N'),
(5, 56, 0, 'N'),
(5, 64, 0, 'N'),
(5, 65, 0, 'N'),
(5, 66, 0, 'N'),
(5, 67, 0, 'N'),
(5, 68, 0, 'N'),
(5, 69, 0, 'N'),
(5, 70, 0, 'N'),
(5, 71, 0, 'N'),
(5, 72, 0, 'N'),
(5, 73, 0, 'N'),
(5, 74, 0, 'N'),
(5, 75, 0, 'N'),
(5, 76, 0, 'N'),
(5, 77, 0, 'N'),
(5, 78, 0, 'N'),
(5, 79, 0, 'N'),
(5, 80, 0, 'N'),
(5, 81, 0, 'N'),
(5, 82, 0, 'N'),
(5, 83, 0, 'N'),
(5, 84, 0, 'N'),
(5, 85, 0, 'N'),
(5, 86, 0, 'N'),
(5, 87, 0, 'N'),
(5, 88, 0, 'N'),
(5, 89, 0, 'N'),
(5, 90, 0, 'N'),
(5, 91, 0, 'N'),
(5, 92, 0, 'N'),
(5, 93, 0, 'N'),
(5, 94, 0, 'N'),
(5, 95, 0, 'N'),
(5, 96, 0, 'N'),
(5, 97, 0, 'N'),
(5, 98, 0, 'N'),
(5, 99, 0, 'N'),
(5, 100, 0, 'N'),
(5, 101, 0, 'N'),
(5, 102, 0, 'N'),
(5, 103, 0, 'N'),
(5, 104, 0, 'N'),
(5, 105, 0, 'N'),
(5, 106, 0, 'N'),
(5, 107, 0, 'N'),
(5, 108, 0, 'N'),
(5, 109, 0, 'N'),
(6, 1, 0, 'N'),
(6, 2, 0, 'N'),
(6, 3, 0, 'N'),
(6, 4, 0, 'N'),
(6, 5, 0, 'N'),
(6, 6, 0, 'N'),
(6, 7, 0, 'N'),
(6, 8, 0, 'N'),
(6, 9, 0, 'N'),
(6, 10, 0, 'N'),
(6, 11, 0, 'N'),
(6, 12, 0, 'N'),
(6, 13, 0, 'N'),
(6, 14, 0, 'N'),
(6, 15, 0, 'N'),
(6, 16, 0, 'N'),
(6, 17, 0, 'N'),
(6, 18, 0, 'N'),
(6, 19, 0, 'N'),
(6, 20, 0, 'N'),
(6, 21, 0, 'N'),
(6, 22, 0, 'N'),
(6, 23, 0, 'N'),
(6, 24, 0, 'N'),
(6, 25, 0, 'N'),
(6, 26, 0, 'N'),
(6, 27, 0, 'N'),
(6, 28, 0, 'N'),
(6, 29, 0, 'N'),
(6, 30, 0, 'N'),
(6, 31, 0, 'N'),
(6, 32, 0, 'N'),
(6, 33, 0, 'N'),
(6, 34, 0, 'N'),
(6, 35, 0, 'N'),
(6, 36, 0, 'N'),
(6, 37, 0, 'N'),
(6, 38, 0, 'N'),
(6, 39, 0, 'N'),
(6, 40, 0, 'N'),
(6, 41, 0, 'N'),
(6, 42, 0, 'N'),
(6, 43, 0, 'N'),
(6, 44, 0, 'N'),
(6, 45, 0, 'N'),
(6, 46, 0, 'N'),
(6, 47, 0, 'N'),
(6, 48, 0, 'N'),
(6, 49, 0, 'N'),
(6, 50, 0, 'N'),
(6, 51, 0, 'N'),
(6, 52, 0, 'N'),
(6, 53, 0, 'N'),
(6, 54, 0, 'N'),
(6, 55, 0, 'N'),
(6, 56, 0, 'N'),
(6, 64, 0, 'N'),
(6, 65, 0, 'N'),
(6, 66, 0, 'N'),
(6, 67, 0, 'N'),
(6, 68, 0, 'N'),
(6, 69, 0, 'N'),
(6, 70, 0, 'N'),
(6, 71, 0, 'N'),
(6, 72, 0, 'N'),
(6, 73, 0, 'N'),
(6, 74, 0, 'N'),
(6, 75, 0, 'N'),
(6, 76, 0, 'N'),
(6, 77, 0, 'N'),
(6, 78, 0, 'N'),
(6, 79, 0, 'N'),
(6, 80, 0, 'N'),
(6, 81, 0, 'N'),
(6, 82, 0, 'N'),
(6, 83, 0, 'N'),
(6, 84, 0, 'N'),
(6, 85, 0, 'N'),
(6, 86, 0, 'N'),
(6, 87, 0, 'N'),
(6, 88, 0, 'N'),
(6, 89, 0, 'N'),
(6, 90, 0, 'N'),
(6, 91, 0, 'N'),
(6, 92, 0, 'N'),
(6, 93, 0, 'N'),
(6, 94, 0, 'N'),
(6, 95, 0, 'N'),
(6, 96, 0, 'N'),
(6, 97, 0, 'N'),
(6, 98, 0, 'N'),
(6, 99, 0, 'N'),
(6, 100, 0, 'N'),
(6, 101, 0, 'N'),
(6, 102, 0, 'N'),
(6, 103, 0, 'N'),
(6, 104, 0, 'N'),
(6, 105, 0, 'N'),
(6, 106, 0, 'N'),
(6, 107, 0, 'N'),
(6, 108, 0, 'N'),
(6, 109, 0, 'N'),
(7, 1, 0, 'N'),
(7, 2, 0, 'N'),
(7, 3, 0, 'N'),
(7, 4, 0, 'N'),
(7, 5, 0, 'N'),
(7, 6, 0, 'N'),
(7, 7, 0, 'N'),
(7, 8, 0, 'N'),
(7, 9, 0, 'N'),
(7, 10, 0, 'N'),
(7, 11, 0, 'N'),
(7, 12, 0, 'N'),
(7, 13, 0, 'N'),
(7, 14, 0, 'N'),
(7, 15, 0, 'N'),
(7, 16, 0, 'N'),
(7, 17, 0, 'N'),
(7, 18, 0, 'N'),
(7, 19, 0, 'N'),
(7, 20, 0, 'N'),
(7, 21, 0, 'N'),
(7, 22, 0, 'N'),
(7, 23, 0, 'N'),
(7, 24, 0, 'N'),
(7, 25, 0, 'N'),
(7, 26, 0, 'N'),
(7, 27, 0, 'N'),
(7, 28, 0, 'N'),
(7, 29, 0, 'N'),
(7, 30, 0, 'N'),
(7, 31, 0, 'N'),
(7, 32, 0, 'N'),
(7, 33, 0, 'N'),
(7, 34, 0, 'N'),
(7, 35, 0, 'N'),
(7, 36, 0, 'N'),
(7, 37, 0, 'N'),
(7, 38, 0, 'N'),
(7, 39, 0, 'N'),
(7, 40, 0, 'N'),
(7, 41, 0, 'N'),
(7, 42, 0, 'N'),
(7, 43, 0, 'N'),
(7, 44, 0, 'N'),
(7, 45, 0, 'N'),
(7, 46, 0, 'N'),
(7, 47, 0, 'N'),
(7, 48, 0, 'N'),
(7, 49, 0, 'N'),
(7, 50, 0, 'N'),
(7, 51, 0, 'N'),
(7, 52, 0, 'N'),
(7, 53, 0, 'N'),
(7, 54, 0, 'N'),
(7, 55, 0, 'N'),
(7, 56, 0, 'N'),
(7, 64, 0, 'N'),
(7, 65, 0, 'N'),
(7, 66, 0, 'N'),
(7, 67, 0, 'N'),
(7, 68, 0, 'N'),
(7, 69, 0, 'N'),
(7, 70, 0, 'N'),
(7, 71, 0, 'N'),
(7, 72, 0, 'N'),
(7, 73, 0, 'N'),
(7, 74, 0, 'N'),
(7, 75, 0, 'N'),
(7, 76, 0, 'N'),
(7, 77, 0, 'N'),
(7, 78, 0, 'N'),
(7, 79, 0, 'N'),
(7, 80, 0, 'N'),
(7, 81, 0, 'N'),
(7, 82, 0, 'N'),
(7, 83, 0, 'N'),
(7, 84, 0, 'N'),
(7, 85, 0, 'N'),
(7, 86, 0, 'N'),
(7, 87, 0, 'N'),
(7, 88, 0, 'N'),
(7, 89, 0, 'N'),
(7, 90, 0, 'N'),
(7, 91, 0, 'N'),
(7, 92, 0, 'N'),
(7, 93, 0, 'N'),
(7, 94, 0, 'N'),
(7, 95, 0, 'N'),
(7, 96, 0, 'N'),
(7, 97, 0, 'N'),
(7, 98, 0, 'N'),
(7, 99, 0, 'N'),
(7, 100, 0, 'N'),
(7, 101, 0, 'N'),
(7, 102, 0, 'N'),
(7, 103, 0, 'N'),
(7, 104, 0, 'N'),
(7, 105, 0, 'N'),
(7, 106, 0, 'N'),
(7, 107, 0, 'N'),
(7, 108, 0, 'N'),
(7, 109, 0, 'N'),
(8, 1, 0, 'N'),
(8, 2, 0, 'N'),
(8, 3, 0, 'N'),
(8, 4, 0, 'N'),
(8, 5, 0, 'N'),
(8, 6, 0, 'N'),
(8, 7, 0, 'N'),
(8, 8, 0, 'N'),
(8, 9, 0, 'N'),
(8, 10, 0, 'N'),
(8, 11, 0, 'N'),
(8, 12, 0, 'N'),
(8, 13, 0, 'N'),
(8, 14, 0, 'N'),
(8, 15, 0, 'N'),
(8, 16, 0, 'N'),
(8, 17, 0, 'N'),
(8, 18, 0, 'N'),
(8, 19, 0, 'N'),
(8, 20, 0, 'N'),
(8, 21, 0, 'N'),
(8, 22, 0, 'N'),
(8, 23, 0, 'N'),
(8, 24, 0, 'N'),
(8, 25, 0, 'N'),
(8, 26, 0, 'N'),
(8, 27, 0, 'N'),
(8, 28, 0, 'N'),
(8, 29, 0, 'N'),
(8, 30, 0, 'N'),
(8, 31, 0, 'N'),
(8, 32, 0, 'N'),
(8, 33, 0, 'N'),
(8, 34, 0, 'N'),
(8, 35, 0, 'N'),
(8, 36, 0, 'N'),
(8, 37, 0, 'N'),
(8, 38, 0, 'N'),
(8, 39, 0, 'N'),
(8, 40, 0, 'N'),
(8, 41, 0, 'N'),
(8, 42, 0, 'N'),
(8, 43, 0, 'N'),
(8, 44, 0, 'N'),
(8, 45, 0, 'N'),
(8, 46, 0, 'N'),
(8, 47, 0, 'N'),
(8, 48, 0, 'N'),
(8, 49, 0, 'N'),
(8, 50, 0, 'N'),
(8, 51, 0, 'N'),
(8, 52, 0, 'N'),
(8, 53, 0, 'N'),
(8, 54, 0, 'N'),
(8, 55, 0, 'N'),
(8, 56, 0, 'N'),
(8, 64, 0, 'N'),
(8, 65, 0, 'N'),
(8, 66, 0, 'N'),
(8, 67, 0, 'N'),
(8, 68, 0, 'N'),
(8, 69, 0, 'N'),
(8, 70, 0, 'N'),
(8, 71, 0, 'N'),
(8, 72, 0, 'N'),
(8, 73, 0, 'N'),
(8, 74, 0, 'N'),
(8, 75, 0, 'N'),
(8, 76, 0, 'N'),
(8, 77, 0, 'N'),
(8, 78, 0, 'N'),
(8, 79, 0, 'N'),
(8, 80, 0, 'N'),
(8, 81, 0, 'N'),
(8, 82, 0, 'N'),
(8, 83, 0, 'N'),
(8, 84, 0, 'N'),
(8, 85, 0, 'N'),
(8, 86, 0, 'N'),
(8, 87, 0, 'N'),
(8, 88, 0, 'N'),
(8, 89, 0, 'N'),
(8, 90, 0, 'N'),
(8, 91, 0, 'N'),
(8, 92, 0, 'N'),
(8, 93, 0, 'N'),
(8, 94, 0, 'N'),
(8, 95, 0, 'N'),
(8, 96, 0, 'N'),
(8, 97, 0, 'N'),
(8, 98, 0, 'N'),
(8, 99, 0, 'N'),
(8, 100, 0, 'N'),
(8, 101, 0, 'N'),
(8, 102, 0, 'N'),
(8, 103, 0, 'N'),
(8, 104, 0, 'N'),
(8, 105, 0, 'N'),
(8, 106, 0, 'N'),
(8, 107, 0, 'N'),
(8, 108, 0, 'N'),
(8, 109, 0, 'N'),
(9, 1, 0, 'N'),
(9, 2, 0, 'N'),
(9, 3, 0, 'N'),
(9, 4, 0, 'N'),
(9, 5, 0, 'N'),
(9, 6, 0, 'N'),
(9, 7, 0, 'N'),
(9, 8, 0, 'N'),
(9, 9, 0, 'N'),
(9, 10, 0, 'N'),
(9, 11, 0, 'N'),
(9, 12, 0, 'N'),
(9, 13, 0, 'N'),
(9, 14, 0, 'N'),
(9, 15, 0, 'N'),
(9, 16, 0, 'N'),
(9, 17, 0, 'N'),
(9, 18, 0, 'N'),
(9, 19, 0, 'N'),
(9, 20, 0, 'N'),
(9, 21, 0, 'N'),
(9, 22, 0, 'N'),
(9, 23, 0, 'N'),
(9, 24, 0, 'N'),
(9, 25, 0, 'N'),
(9, 26, 0, 'N'),
(9, 27, 0, 'N'),
(9, 28, 0, 'N'),
(9, 29, 0, 'N'),
(9, 30, 0, 'N'),
(9, 31, 0, 'N'),
(9, 32, 0, 'N'),
(9, 33, 0, 'N'),
(9, 34, 0, 'N'),
(9, 35, 0, 'N'),
(9, 36, 0, 'N'),
(9, 37, 0, 'N'),
(9, 38, 0, 'N'),
(9, 39, 0, 'N'),
(9, 40, 0, 'N'),
(9, 41, 0, 'N'),
(9, 42, 0, 'N'),
(9, 43, 0, 'N'),
(9, 44, 0, 'N'),
(9, 45, 0, 'N'),
(9, 46, 0, 'N'),
(9, 47, 0, 'N'),
(9, 48, 0, 'N'),
(9, 49, 0, 'N'),
(9, 50, 0, 'N'),
(9, 51, 0, 'N'),
(9, 52, 0, 'N'),
(9, 53, 0, 'N'),
(9, 54, 0, 'N'),
(9, 55, 0, 'N'),
(9, 56, 0, 'N'),
(9, 64, 0, 'N'),
(9, 65, 0, 'N'),
(9, 66, 0, 'N'),
(9, 67, 0, 'N'),
(9, 68, 0, 'N'),
(9, 69, 0, 'N'),
(9, 70, 0, 'N'),
(9, 71, 0, 'N'),
(9, 72, 0, 'N'),
(9, 73, 0, 'N'),
(9, 74, 0, 'N'),
(9, 75, 0, 'N'),
(9, 76, 0, 'N'),
(9, 77, 0, 'N'),
(9, 78, 0, 'N'),
(9, 79, 0, 'N'),
(9, 80, 0, 'N'),
(9, 81, 0, 'N'),
(9, 82, 0, 'N'),
(9, 83, 0, 'N'),
(9, 84, 0, 'N'),
(9, 85, 0, 'N'),
(9, 86, 0, 'N'),
(9, 87, 0, 'N'),
(9, 88, 0, 'N'),
(9, 89, 0, 'N'),
(9, 90, 0, 'N'),
(9, 91, 0, 'N'),
(9, 92, 0, 'N'),
(9, 93, 0, 'N'),
(9, 94, 0, 'N'),
(9, 95, 0, 'N'),
(9, 96, 0, 'N'),
(9, 97, 0, 'N'),
(9, 98, 0, 'N'),
(9, 99, 0, 'N'),
(9, 100, 0, 'N'),
(9, 101, 0, 'N'),
(9, 102, 0, 'N'),
(9, 103, 0, 'N'),
(9, 104, 0, 'N'),
(9, 105, 0, 'N'),
(9, 106, 0, 'N'),
(9, 107, 0, 'N'),
(9, 108, 0, 'N'),
(9, 109, 0, 'N'),
(10, 1, 0, 'N'),
(10, 2, 0, 'N'),
(10, 3, 0, 'N'),
(10, 4, 0, 'N'),
(10, 5, 0, 'N'),
(10, 6, 0, 'N'),
(10, 7, 0, 'N'),
(10, 8, 0, 'N'),
(10, 9, 0, 'N'),
(10, 10, 0, 'N'),
(10, 11, 0, 'N'),
(10, 12, 0, 'N'),
(10, 13, 0, 'N'),
(10, 14, 0, 'N'),
(10, 15, 0, 'N'),
(10, 16, 0, 'N'),
(10, 17, 0, 'N'),
(10, 18, 0, 'N'),
(10, 19, 0, 'N'),
(10, 20, 0, 'N'),
(10, 21, 0, 'N'),
(10, 22, 0, 'N'),
(10, 23, 0, 'N'),
(10, 24, 0, 'N'),
(10, 25, 0, 'N'),
(10, 26, 0, 'N'),
(10, 27, 0, 'N'),
(10, 28, 0, 'N'),
(10, 29, 0, 'N'),
(10, 30, 0, 'N'),
(10, 31, 0, 'N'),
(10, 32, 0, 'N'),
(10, 33, 0, 'N'),
(10, 34, 0, 'N'),
(10, 35, 0, 'N'),
(10, 36, 0, 'N'),
(10, 37, 0, 'N'),
(10, 38, 0, 'N'),
(10, 39, 0, 'N'),
(10, 40, 0, 'N'),
(10, 41, 0, 'N'),
(10, 42, 0, 'N'),
(10, 43, 0, 'N'),
(10, 44, 0, 'N'),
(10, 45, 0, 'N'),
(10, 46, 0, 'N'),
(10, 47, 0, 'N'),
(10, 48, 0, 'N'),
(10, 49, 0, 'N'),
(10, 50, 0, 'N'),
(10, 51, 0, 'N'),
(10, 52, 0, 'N'),
(10, 53, 0, 'N'),
(10, 54, 0, 'N'),
(10, 55, 0, 'N'),
(10, 56, 0, 'N'),
(10, 64, 0, 'N'),
(10, 65, 0, 'N'),
(10, 66, 0, 'N'),
(10, 67, 0, 'N'),
(10, 68, 0, 'N'),
(10, 69, 0, 'N'),
(10, 70, 0, 'N'),
(10, 71, 0, 'N'),
(10, 72, 0, 'N'),
(10, 73, 0, 'N'),
(10, 74, 0, 'N'),
(10, 75, 0, 'N'),
(10, 76, 0, 'N'),
(10, 77, 0, 'N'),
(10, 78, 0, 'N'),
(10, 79, 0, 'N'),
(10, 80, 0, 'N'),
(10, 81, 0, 'N'),
(10, 82, 0, 'N'),
(10, 83, 0, 'N'),
(10, 84, 0, 'N'),
(10, 85, 0, 'N'),
(10, 86, 0, 'N'),
(10, 87, 0, 'N'),
(10, 88, 0, 'N'),
(10, 89, 0, 'N'),
(10, 90, 0, 'N'),
(10, 91, 0, 'N'),
(10, 92, 0, 'N'),
(10, 93, 0, 'N'),
(10, 94, 0, 'N'),
(10, 95, 0, 'N'),
(10, 96, 0, 'N'),
(10, 97, 0, 'N'),
(10, 98, 0, 'N'),
(10, 99, 0, 'N'),
(10, 100, 0, 'N'),
(10, 101, 0, 'N'),
(10, 102, 0, 'N'),
(10, 103, 0, 'N'),
(10, 104, 0, 'N'),
(10, 105, 0, 'N'),
(10, 106, 0, 'N'),
(10, 107, 0, 'N'),
(10, 108, 0, 'N'),
(10, 109, 0, 'N');

-- --------------------------------------------------------

--
-- Struttura stand-in per le viste `atleta_boulder_punteggio`
--
CREATE TABLE `atleta_boulder_punteggio` (
`atletaID` int(10) unsigned
,`boulderID` int(10) unsigned
,`tentativi` int(11)
,`punteggio` decimal(11,8)
);

-- --------------------------------------------------------

--
-- Struttura della tabella `boulder`
--

CREATE TABLE `boulder` (
  `id` int(10) UNSIGNED NOT NULL,
  `nome` int(10) UNSIGNED NOT NULL
) ENGINE=InnoDB DEFAULT CHARSET=latin1;

--
-- Dump dei dati per la tabella `boulder`
--

INSERT INTO `boulder` (`id`, `nome`) VALUES
(1, 1),
(2, 2),
(3, 3),
(4, 4),
(5, 5),
(6, 6),
(7, 7),
(8, 8),
(9, 9),
(10, 10);

-- --------------------------------------------------------

--
-- Struttura stand-in per le viste `classifica_global`
--
CREATE TABLE `classifica_global` (
`id` int(10) unsigned
,`nome` varchar(60)
,`cognome` varchar(60)
,`data_nascita` date
,`sesso` enum('M','F')
,`pettorina` int(10) unsigned
,`scuola` int(10) unsigned
,`punteggio` decimal(28,2)
);

-- --------------------------------------------------------

--
-- Struttura stand-in per le viste `classifica_pivot`
--
CREATE TABLE `classifica_pivot` (
`nome` varchar(60)
,`cognome` varchar(60)
,`data_nascita` date
,`sesso` enum('M','F')
,`pettorina` int(10) unsigned
,`punteggio` decimal(28,2)
,`1` decimal(23,0)
,`2` decimal(23,0)
,`3` decimal(23,0)
,`4` decimal(23,0)
,`5` decimal(23,0)
,`6` decimal(23,0)
,`7` decimal(23,0)
,`8` decimal(23,0)
,`9` decimal(23,0)
,`10` decimal(23,0)
);

-- --------------------------------------------------------

--
-- Struttura della tabella `scuola`
--

CREATE TABLE `scuola` (
  `id` int(10) UNSIGNED NOT NULL,
  `nome_scuola` varchar(70) NOT NULL,
  `citta` varchar(32) NOT NULL,
  `referente` varchar(32) NOT NULL
) ENGINE=InnoDB DEFAULT CHARSET=latin1;

--
-- Dump dei dati per la tabella `scuola`
--

INSERT INTO `scuola` (`id`, `nome_scuola`, `citta`, `referente`) VALUES
(1, 'IIS Castelli', 'Brescia', 'Giovanni Tosana'),
(2, 'Liceo Golgi', 'Breno', 'Ivan Moreschi'),
(3, 'Abba Ballini', 'Brescia', 'Rossana Guerra'),
(4, 'IIS Perlasca', 'Idro', 'Beniamino Montagni'),
(5, 'IIS Medeghini', 'Edolo', 'Paolo Agostini'),
(6, 'IIS Tartaglia', 'Brescia', 'Patrizia Salvadori'),
(7, 'Liceo De Andrè', 'Brescia', 'Mariavittoria Dotti'),
(8, 'ITAS Pastori', 'Brescia', 'Giancarlo Ardesi');

-- --------------------------------------------------------

--
-- Struttura stand-in per le viste `valboulders`
--
CREATE TABLE `valboulders` (
`boulder` int(10) unsigned
,`atleti_passati` decimal(23,0)
,`valboulder` decimal(7,4)
);

-- --------------------------------------------------------

--
-- Struttura per la vista `atleta_boulder_punteggio`
--
DROP TABLE IF EXISTS `atleta_boulder_punteggio`;

CREATE ALGORITHM=UNDEFINED DEFINER=`root`@`localhost` SQL SECURITY DEFINER VIEW `atleta_boulder_punteggio`  AS  select `atleta_boulder`.`id_atleta` AS `atletaID`,`atleta_boulder`.`id_boulder` AS `boulderID`,`atleta_boulder`.`n_tentativi` AS `tentativi`,(case when (`atleta_boulder`.`passato` = 'Y') then (`valboulders`.`valboulder` / `atleta_boulder`.`n_tentativi`) when (`atleta_boulder`.`passato` = 'N') then 0 end) AS `punteggio` from (`atleta_boulder` join `valboulders`) where (`valboulders`.`boulder` = `atleta_boulder`.`id_boulder`) order by `atleta_boulder`.`id_atleta` ;

-- --------------------------------------------------------

--
-- Struttura per la vista `classifica_global`
--
DROP TABLE IF EXISTS `classifica_global`;

CREATE ALGORITHM=UNDEFINED DEFINER=`root`@`localhost` SQL SECURITY DEFINER VIEW `classifica_global`  AS  select `atleta`.`id` AS `id`,`atleta`.`nome` AS `nome`,`atleta`.`cognome` AS `cognome`,`atleta`.`data_nascita` AS `data_nascita`,`atleta`.`sesso` AS `sesso`,`atleta`.`casacca` AS `pettorina`,`atleta`.`id_scuola` AS `scuola`,round(sum(`atleta_boulder_punteggio`.`punteggio`),2) AS `punteggio` from (`atleta_boulder_punteggio` join `atleta`) where (`atleta_boulder_punteggio`.`atletaID` = `atleta`.`id`) group by `atleta_boulder_punteggio`.`atletaID` order by sum(`atleta_boulder_punteggio`.`punteggio`) desc ;

-- --------------------------------------------------------

--
-- Struttura per la vista `classifica_pivot`
--
DROP TABLE IF EXISTS `classifica_pivot`;

CREATE ALGORITHM=UNDEFINED DEFINER=`root`@`localhost` SQL SECURITY DEFINER VIEW `classifica_pivot`  AS  select `atleta`.`nome` AS `nome`,`atleta`.`cognome` AS `cognome`,`atleta`.`data_nascita` AS `data_nascita`,`atleta`.`sesso` AS `sesso`,`atleta`.`casacca` AS `pettorina`,round(sum(`atleta_boulder_punteggio`.`punteggio`),2) AS `punteggio`,sum(((`atleta_boulder_punteggio`.`boulderID` = '1') and (`atleta_boulder_punteggio`.`punteggio` > 0))) AS `1`,sum(((`atleta_boulder_punteggio`.`boulderID` = '2') and (`atleta_boulder_punteggio`.`punteggio` > 0))) AS `2`,sum(((`atleta_boulder_punteggio`.`boulderID` = '3') and (`atleta_boulder_punteggio`.`punteggio` > 0))) AS `3`,sum(((`atleta_boulder_punteggio`.`boulderID` = '4') and (`atleta_boulder_punteggio`.`punteggio` > 0))) AS `4`,sum(((`atleta_boulder_punteggio`.`boulderID` = '5') and (`atleta_boulder_punteggio`.`punteggio` > 0))) AS `5`,sum(((`atleta_boulder_punteggio`.`boulderID` = '6') and (`atleta_boulder_punteggio`.`punteggio` > 0))) AS `6`,sum(((`atleta_boulder_punteggio`.`boulderID` = '7') and (`atleta_boulder_punteggio`.`punteggio` > 0))) AS `7`,sum(((`atleta_boulder_punteggio`.`boulderID` = '8') and (`atleta_boulder_punteggio`.`punteggio` > 0))) AS `8`,sum(((`atleta_boulder_punteggio`.`boulderID` = '9') and (`atleta_boulder_punteggio`.`punteggio` > 0))) AS `9`,sum(((`atleta_boulder_punteggio`.`boulderID` = '10') and (`atleta_boulder_punteggio`.`punteggio` > 0))) AS `10` from (`atleta_boulder_punteggio` join `atleta`) where (`atleta_boulder_punteggio`.`atletaID` = `atleta`.`id`) group by `atleta`.`id` order by round(sum(`atleta_boulder_punteggio`.`punteggio`),2) desc,`atleta`.`cognome` ;

-- --------------------------------------------------------

--
-- Struttura per la vista `valboulders`
--
DROP TABLE IF EXISTS `valboulders`;

CREATE ALGORITHM=UNDEFINED DEFINER=`root`@`localhost` SQL SECURITY DEFINER VIEW `valboulders`  AS  select `boulder`.`nome` AS `boulder`,sum((case when (`atleta_boulder`.`passato` = 'Y') then 1 else 0 end)) AS `atleti_passati`,(100 / sum((case when (`atleta_boulder`.`passato` = 'Y') then 1 else 0 end))) AS `valboulder` from ((`atleta_boulder` join `boulder`) join `atleta`) where ((`atleta_boulder`.`id_boulder` = `boulder`.`id`) and (`atleta_boulder`.`id_atleta` = `atleta`.`id`)) group by `boulder`.`id` ;

--
-- Indici per le tabelle scaricate
--

--
-- Indici per le tabelle `atleta`
--
ALTER TABLE `atleta`
  ADD PRIMARY KEY (`id`),
  ADD KEY `id_scuola` (`id_scuola`);

--
-- Indici per le tabelle `atleta_boulder`
--
ALTER TABLE `atleta_boulder`
  ADD PRIMARY KEY (`id_boulder`,`id_atleta`),
  ADD KEY `id_studente` (`id_atleta`);

--
-- Indici per le tabelle `boulder`
--
ALTER TABLE `boulder`
  ADD PRIMARY KEY (`id`);

--
-- Indici per le tabelle `scuola`
--
ALTER TABLE `scuola`
  ADD PRIMARY KEY (`id`);

--
-- AUTO_INCREMENT per le tabelle scaricate
--

--
-- AUTO_INCREMENT per la tabella `atleta`
--
ALTER TABLE `atleta`
  MODIFY `id` int(10) UNSIGNED NOT NULL AUTO_INCREMENT, AUTO_INCREMENT=127;
--
-- AUTO_INCREMENT per la tabella `boulder`
--
ALTER TABLE `boulder`
  MODIFY `id` int(10) UNSIGNED NOT NULL AUTO_INCREMENT, AUTO_INCREMENT=11;
--
-- AUTO_INCREMENT per la tabella `scuola`
--
ALTER TABLE `scuola`
  MODIFY `id` int(10) UNSIGNED NOT NULL AUTO_INCREMENT, AUTO_INCREMENT=16;
--
-- Limiti per le tabelle scaricate
--

--
-- Limiti per la tabella `atleta`
--
ALTER TABLE `atleta`
  ADD CONSTRAINT `atleta_ibfk_1` FOREIGN KEY (`id_scuola`) REFERENCES `scuola` (`id`);

--
-- Limiti per la tabella `atleta_boulder`
--
ALTER TABLE `atleta_boulder`
  ADD CONSTRAINT `atleta_boulder_ibfk_1` FOREIGN KEY (`id_atleta`) REFERENCES `atleta` (`id`),
  ADD CONSTRAINT `atleta_boulder_ibfk_2` FOREIGN KEY (`id_boulder`) REFERENCES `boulder` (`id`);

/*!40101 SET CHARACTER_SET_CLIENT=@OLD_CHARACTER_SET_CLIENT */;
/*!40101 SET CHARACTER_SET_RESULTS=@OLD_CHARACTER_SET_RESULTS */;
/*!40101 SET COLLATION_CONNECTION=@OLD_COLLATION_CONNECTION */;
